customer_id,first_name,last_name,email,gender,country_id
1,Meredith,Scutchings,mscutchings0@scientificamerican.com,Female,9
2,Alejandro,Irons,airons1@imdb.com,Male,5
3,Gerrie,Bausor,gbausor2@drupal.org,Male,7
4,Dasie,Conquer,dconquer3@cargocollective.com,Female,2
5,Shirley,Really,sreally4@live.com,Female,8
6,Lynea,Giroldi,lgiroldi5@apple.com,Female,4
7,Sholom,Corrin,scorrin6@phpbb.com,Male,5
8,Sioux,Cliffe,scliffe7@ucla.edu,Female,1
9,Mendie,Yeude,myeude8@livejournal.com,Non-binary,4
10,Siana,Endricci,sendricci9@sfgate.com,Female,4
11,John,Sizey,jsizeya@umich.edu,Male,10
12,Constantino,Haskell,chaskellb@dion.ne.jp,Male,2
13,Eudora,Roll,erollc@theguardian.com,Female,6
14,Bernardine,Harle,bharled@netvibes.com,Female,5
15,Rosco,Heintsch,rheintsche@pen.io,Male,4
16,Beverley,Dellenbrook,bdellenbrookf@answers.com,Polygender,8
17,Micheal,Conochie,mconochieg@skype.com,Male,5
18,Casandra,Greenshiels,cgreenshielsh@fema.gov,Genderfluid,7
19,Lexine,Deppen,ldeppeni@wikispaces.com,Female,8
20,Bendite,Pittford,bpittfordj@ehow.com,Female,5
21,Raye,Castagne,rcastagnek@zimbio.com,Female,2
22,Brant,Shawley,bshawleyl@who.int,Male,2
23,Gustave,Kubala,gkubalam@java.com,Male,5
24,Egon,Tottem,etottemn@woothemes.com,Male,5
25,Leela,Crowson,lcrowsono@mit.edu,Female,8
26,Kimberlyn,Bader,kbaderp@nytimes.com,Female,1
27,Mar,Cotillard,mcotillardq@shop-pro.jp,Male,3
28,Alain,Capstick,acapstickr@reference.com,Male,7
29,Nehemiah,Chiene,nchienes@state.tx.us,Male,10
30,Aguie,Harte,ahartet@nhs.uk,Male,4
31,Heath,Chasson,hchassonu@walmart.com,Male,4
32,Arlen,Juares,ajuaresv@phoca.cz,Female,7
33,Antonina,McRobert,amcrobertw@delicious.com,Female,8
34,Berthe,Coltan,bcoltanx@java.com,Female,8
35,Bibby,Janiak,bjaniaky@businesswire.com,Female,1
36,Siegfried,Lunnon,slunnonz@harvard.edu,Male,9
37,Levey,Galpen,lgalpen10@feedburner.com,Male,5
38,Rubi,Grayson,rgrayson11@senate.gov,Female,6
39,Pammi,Gudeman,pgudeman12@parallels.com,Female,1
40,Ethe,Coley,ecoley13@admin.ch,Male,5
41,Billy,Cordie,bcordie14@google.cn,Female,1
42,Humbert,Gonnel,hgonnel15@google.ca,Male,8
43,Michele,Osbiston,mosbiston16@scribd.com,Male,5
44,Guinevere,Fancy,gfancy17@woothemes.com,Female,10
45,Cassie,Rief,crief18@upenn.edu,Male,10
46,Kimbell,Heathorn,kheathorn19@miibeian.gov.cn,Genderqueer,1
47,Chrysler,Petrelli,cpetrelli1a@altervista.org,Non-binary,6
48,Grantham,McClaren,gmcclaren1b@merriam-webster.com,Male,4
49,Arney,Gallant,agallant1c@nytimes.com,Non-binary,4
50,Adolf,Fardo,afardo1d@facebook.com,Male,6
51,Donnajean,Bonny,dbonny1e@google.com,Female,7
52,Virgilio,Dat,vdat1f@salon.com,Male,10
53,Kristine,Goodfield,kgoodfield1g@reference.com,Female,2
54,Darlleen,Cleeve,dcleeve1h@163.com,Female,1
55,Modestia,Nussii,mnussii1i@cisco.com,Female,8
56,Val,De Coursey,vdecoursey1j@edublogs.org,Male,3
57,Tressa,McTrustram,tmctrustram1k@netvibes.com,Female,4
58,Sapphira,Ashe,sashe1l@cargocollective.com,Female,5
59,Jeniece,Howlett,jhowlett1m@booking.com,Female,6
60,Britni,Braker,bbraker1n@ca.gov,Female,10
61,Tremaine,Deniso,tdeniso1o@aol.com,Male,8
62,Sallyann,Cockroft,scockroft1p@creativecommons.org,Female,1
63,Kelli,Folley,kfolley1q@dailymotion.com,Female,9
64,Kevyn,Tolefree,ktolefree1r@wisc.edu,Female,4
65,Byran,Flaverty,bflaverty1s@utexas.edu,Male,1
66,Joshia,Pyke,jpyke1t@ning.com,Male,7
67,Nevil,Laurisch,nlaurisch1u@google.ru,Male,4
68,Minetta,Crowd,mcrowd1v@usgs.gov,Female,8
69,Bennie,Elcoux,belcoux1w@google.com.br,Female,6
70,Fredra,De Stoop,fdestoop1x@smugmug.com,Female,3
71,Artemis,Waddilove,awaddilove1y@biglobe.ne.jp,Male,10
72,Doris,Fuge,dfuge1z@hibu.com,Female,2
73,Sara,Challender,schallender20@infoseek.co.jp,Female,10
74,Madella,MacGilrewy,mmacgilrewy21@360.cn,Female,2
75,Jillie,Drinkhill,jdrinkhill22@jiathis.com,Female,3
76,Beltran,Trobridge,btrobridge23@squidoo.com,Male,6
77,Alis,Verrall,averrall24@answers.com,Agender,10
78,Thane,Jefferies,tjefferies25@google.co.uk,Male,5
79,Fanni,Diviney,fdiviney26@tinyurl.com,Female,8
80,Godard,Vasilchikov,gvasilchikov27@posterous.com,Male,3
81,Bogart,Sleeford,bsleeford28@thetimes.co.uk,Male,9
82,Kurtis,Scotsbrook,kscotsbrook29@businessinsider.com,Male,4
83,Alexandr,Petters,apetters2a@altervista.org,Male,5
84,Sheelagh,Anker,sanker2b@va.gov,Female,8
85,Peggie,Furminger,pfurminger2c@google.co.uk,Female,7
86,Jaquelyn,Furze,jfurze2d@dailymail.co.uk,Female,1
87,Cecil,Harley,charley2e@squarespace.com,Female,3
88,Jerad,Mcettrick,jmcettrick2f@cyberchimps.com,Male,7
89,Winthrop,Aldcorn,waldcorn2g@adobe.com,Male,10
90,Ricard,Lambert,rlambert2h@pinterest.com,Male,9
91,Sibyl,Wardroper,swardroper2i@aboutads.info,Male,10
92,Derick,Matfin,dmatfin2j@gmpg.org,Polygender,3
93,Jerrylee,Ferraron,jferraron2k@chronoengine.com,Female,4
94,Leesa,Dillinton,ldillinton2l@wufoo.com,Female,10
95,Birgitta,Pendry,bpendry2m@google.it,Female,3
96,Janean,Heinel,jheinel2n@marketwatch.com,Female,6
97,Oswell,Dwyer,odwyer2o@cargocollective.com,Male,5
98,Petronilla,Peyro,ppeyro2p@springer.com,Female,4
99,Bank,Sherebrooke,bsherebrooke2q@springer.com,Male,10
100,Sonni,Wightman,swightman2r@jigsy.com,Female,3